startStage-vsCreateId,startStage-vsInst,startStage-e2eInst,stopStage-vsCreateId-ITAV,stopStage-vsInst-ITAV,stopStage-vsCreateId-DETI,stopStage-vsInst-DETI,startStage-mtdGet-ITAV,stopStage-mtdGet-ITAV,startStage-mtdGet-DETI,stopStage-mtdGet-DETI,startStage-interdomainGet-ITAV,stopStage-interdomainGet-ITAV,startStage-interdomainGet-DETI,stopStage-interdomainGet-DETI,startStage-interdomainAdd-ITAV,stopStage-interdomainAdd-ITAV,startStage-interdomainAdd-DETI,stopStage-interdomainAdd-DETI,startStage-mtdActivate-ITAV,stopStage-mtdActivate-ITAV,startStage-mtdActivate-DETI,stopStage-mtdActivate-DETI,stopStage-e2eInst,startStage-vsTerm,startStage-e2eTerm,stopStage-vsTerm-ITAV,stopStage-vsTerm-DETI,stopStage-e2eTerm
1626467062547,1626467062547,1626467062547,1626467070970,1626467075102,1626467067085,1626467069141,1626467273346,1626467336283,1626467405555,1626467593208,1626467337361,1626467401102,1626467593577,1626467689388,1626467913488,1626467980475,1626467690963,1626467785918,1626467981496,1626468046528,1626467786733,1626467911457,1626468048985,1626468067245,1626468067245,1626468071467,1626468073365,1626468112243
1626468189276,1626468189276,1626468189276,1626468191356,1626468191806,1626468190619,1626468190963,1626468472336,1626468536205,1626468605453,1626468791913,1626468537122,1626468602157,1626468792872,1626468918762,1626469172472,1626469239914,1626468919331,1626469046414,1626469241730,1626469305316,1626469047994,1626469171790,1626469306246,1626469337260,1626469337260,1626469343518,1626469341419,1626469401000
1626469854681,1626469854681,1626469854681,1626469864071,1626469867325,1626469859096,1626469861227,1626470369896,1626470462536,1626470083709,1626470272173,1626470463985,1626470526841,1626470272610,1626470367505,1626470528031,1626470590750,1626470686655,1626470782327,1626470591394,1626470685776,1626470783216,1626470906243,1626470907451,1626471673077,1626471673077,1626471675832,1626471679558,1626471731226
1626471839503,1626471839503,1626471839503,1626471849079,1626471849624,1626471844382,1626471848638,1626472375299,1626472436696,1626472088292,1626472275330,1626472437324,1626472501413,1626472275740,1626472370960,1626472502269,1626472566545,1626472632756,1626472727308,1626472567780,1626472631348,1626472727465,1626472851405,1626472852828,1626472927873,1626472927873,1626472935379,1626472937442,1626472984369
1626475293044,1626475293044,1626475293044,1626475293753,1626475293837,1626475293581,1626475293660,1626475825242,1626475885320,1626475554829,1626475734976,1626475885343,1626475945418,1626475735016,1626475825131,1626475945517,1626476005653,1626476065852,1626476155989,1626476005662,1626476065739,1626476156000,1626476276131,1626476276266,1626476321344,1626476321344,1626476321472,1626476321418,1626476365588
1626476426840,1626476426840,1626476426840,1626476427231,1626476427301,1626476427058,1626476427131,1626476665535,1626476725623,1626476785799,1626476965958,1626476725640,1626476785716,1626476965993,1626477056104,1626477266610,1626477326713,1626477056203,1626477146347,1626477326729,1626477386813,1626477146360,1626477266506,1626477387044,1626477447852,1626477447852,1626477447913,1626477447960,1626477476269
1626477788100,1626477788100,1626477788100,1626477788852,1626477788932,1626477788684,1626477788762,1626478004734,1626478064819,1626478125041,1626478305179,1626478064852,1626478124943,1626478305213,1626478395333,1626478605882,1626478665988,1626478395427,1626478485603,1626478665998,1626478726086,1626478485620,1626478605759,1626478726227,1626478751797,1626478751797,1626478751853,1626478751906,1626478815504
1626480092937,1626480092937,1626480092937,1626480093766,1626480093852,1626480093524,1626480093675,1626480349707,1626480409802,1626480470014,1626480650186,1626480409826,1626480469915,1626480650220,1626480740328,1626480950929,1626481011042,1626480740439,1626480830640,1626481011052,1626481071171,1626480830653,1626480950821,1626481071293,1626481390652,1626481390652,1626481390766,1626481390818,1626481460519
1626481565625,1626481565625,1626481565625,1626481566058,1626481566131,1626481565847,1626481565935,1626482090883,1626482180976,1626481820429,1626482000589,1626482181003,1626482241090,1626482000619,1626482090809,1626482241177,1626482301277,1626482391521,1626482481699,1626482301287,1626482391423,1626482481715,1626482601850,1626482601972,1626482970059,1626482970059,1626482970149,1626482970206,1626483021273
1626484156899,1626484156899,1626484156899,1626484157620,1626484157689,1626484157471,1626484157549,1626484383549,1626484443638,1626484503847,1626484684015,1626484443673,1626484503744,1626484684047,1626484804171,1626485014676,1626485074794,1626484804280,1626484894420,1626485074803,1626485134922,1626484894433,1626485014564,1626485135051,1626485152846,1626485152846,1626485152958,1626485152902,1626485224341
1626485293592,1626485293592,1626485293592,1626485293936,1626485294015,1626485293789,1626485293851,1626485794639,1626485854731,1626485524275,1626485704435,1626485854752,1626485914825,1626485704467,1626485794556,1626485914922,1626485975039,1626486035226,1626486125347,1626485975049,1626486035135,1626486125366,1626486245493,1626486245635,1626486256825,1626486256825,1626486256929,1626486256877,1626486334998
1626486577763,1626486577763,1626486577763,1626486578443,1626486578520,1626486578289,1626486578367,1626487150753,1626487210847,1626486850323,1626487030473,1626487210875,1626487361016,1626487030510,1626487150628,1626487361119,1626487481307,1626487541514,1626487631666,1626487481325,1626487541401,1626487631679,1626487751805,1626487752010,1626489356058,1626489356058,1626489356247,1626489356178,1626489401191
1626513122570,1626513122570,1626513122570,1626513123261,1626513123329,1626513123092,1626513123173,1626513390037,1626513450115,1626513510309,1626513780502,1626513450148,1626513510223,1626513780537,1626513900666,1626514171246,1626514231415,1626513900778,1626513990947,1626514231425,1626514291514,1626513990960,1626514171128,1626514291702,1626514301014,1626514301014,1626514301124,1626514301080,1626514380846
1626514416820,1626514416820,1626514416820,1626514417162,1626514417245,1626514417028,1626514417091,1626514680775,1626514740859,1626514801037,1626514981197,1626514740876,1626514800956,1626514981228,1626515101380,1626515311844,1626515371950,1626515101482,1626515191622,1626515371961,1626515432047,1626515191633,1626515311750,1626515432206,1626515447088,1626515447088,1626515447201,1626515447143,1626515521547
1626515609518,1626515609518,1626515609518,1626515610217,1626515610296,1626515610060,1626515610141,1626516221183,1626516281260,1626515920765,1626516100923,1626516281280,1626516341354,1626516100963,1626516221087,1626516341461,1626516401577,1626516461775,1626516551910,1626516401586,1626516461660,1626516551923,1626516672054,1626516672181,1626516678443,1626516678443,1626516678576,1626516678499,1626516701513
1626516768202,1626516768202,1626516768202,1626516768594,1626516768660,1626516768404,1626516768499,1626517271843,1626517391949,1626517001461,1626517181612,1626517391983,1626517482086,1626517181641,1626517271764,1626517482192,1626517542318,1626517632578,1626517722714,1626517542325,1626517632471,1626517722727,1626517842863,1626517843004,1626517847445,1626517847445,1626517847499,1626517847545,1626517902256
1626518063741,1626518063741,1626518063741,1626518064414,1626518064488,1626518064261,1626518064346,1626518299373,1626518359449,1626518419690,1626518599893,1626518359467,1626518419573,1626518599924,1626518720028,1626518930587,1626518990697,1626518720129,1626518810319,1626518990704,1626519050788,1626518810329,1626518930468,1626519050909,1626519066540,1626519066540,1626519066603,1626519066651,1626519140199
1626519195206,1626519195206,1626519195206,1626519195629,1626519195704,1626519195438,1626519195523,1626519440144,1626519500221,1626519560383,1626519740532,1626519500238,1626519560313,1626519740562,1626519860694,1626520071179,1626520131294,1626519860783,1626519950945,1626520131303,1626520191378,1626519950957,1626520071082,1626520191490,1626520198392,1626520198392,1626520198447,1626520198495,1626520220840
1626520355537,1626520355537,1626520355537,1626520356251,1626520356341,1626520356098,1626520356172,1626520958192,1626521018280,1626520657764,1626520837934,1626521018299,1626521108411,1626520837969,1626520958082,1626521108525,1626521198675,1626521258878,1626521349006,1626521198693,1626521258773,1626521349022,1626521469142,1626521469271,1626521512499,1626521512499,1626521512571,1626521512621,1626521588628
1626522053343,1626522053343,1626522053343,1626522054187,1626522054256,1626522053923,1626522054007,1626522581735,1626522641813,1626522311295,1626522491462,1626522641837,1626522731938,1626522491500,1626522581606,1626522732050,1626522822180,1626522882374,1626522972521,1626522822192,1626522882265,1626522972531,1626523092668,1626523092789,1626523098905,1626523098905,1626523098964,1626523099020,1626523152118
1626524308333,1626524308333,1626524308333,1626524309130,1626524309201,1626524308979,1626524309057,1626524848868,1626524908963,1626524578431,1626524758600,1626524908984,1626524969083,1626524758638,1626524848737,1626524969189,1626525029305,1626525089515,1626525179641,1626525029313,1626525089414,1626525179654,1626525299766,1626525299895,1626525306356,1626525306356,1626525306478,1626525306422,1626525329241
1626525382197,1626525382197,1626525382197,1626525382549,1626525382623,1626525382394,1626525382470,1626525689180,1626525749267,1626525809463,1626525989604,1626525749289,1626525809393,1626525989635,1626526109743,1626526320190,1626526380314,1626526109835,1626526199959,1626526380321,1626526440409,1626526199971,1626526320090,1626526440547,1626526446350,1626526446350,1626526446480,1626526446418,1626526469897
1626526649236,1626526649236,1626526649236,1626526649947,1626526650019,1626526649795,1626526649872,1626526904372,1626526964451,1626527024681,1626527204835,1626526964485,1626527024572,1626527204865,1626527324998,1626527535466,1626527595589,1626527325098,1626527415232,1626527595597,1626527655678,1626527415244,1626527535362,1626527655815,1626527660779,1626527660779,1626527660897,1626527660838,1626527745138
1626527801849,1626527801849,1626527801849,1626527802246,1626527802320,1626527802058,1626527802136,1626528405512,1626528465597,1626528105093,1626528315266,1626528465625,1626528555712,1626528315300,1626528405441,1626528555804,1626528645931,1626528706136,1626528796280,1626528645943,1626528706029,1626528796292,1626528946460,1626528946583,1626528955083,1626528955083,1626528955225,1626528955132,1626528975873
1626529097457,1626529097457,1626529097457,1626529098118,1626529098188,1626529097964,1626529098044,1626529642532,1626529822669,1626529372102,1626529552269,1626529822701,1626529882785,1626529552305,1626529642409,1626529882893,1626529943035,1626530093329,1626530183454,1626529943046,1626530093217,1626530183465,1626530303606,1626530303775,1626530307090,1626530307090,1626530307154,1626530307204,1626530362983
1626530384697,1626530384697,1626530384697,1626530385086,1626530385150,1626530384944,1626530385015,1626530722884,1626530782967,1626530873169,1626531113354,1626530782990,1626530873084,1626531113386,1626531203496,1626531474011,1626531564142,1626531203591,1626531293749,1626531564156,1626531624235,1626531293762,1626531473917,1626531624348,1626531667544,1626531667544,1626531667673,1626531667614,1626531743645
1626531846335,1626531846335,1626531846335,1626531846974,1626531847063,1626531846811,1626531846885,1626532154827,1626532214931,1626532275134,1626532455269,1626532214961,1626532275040,1626532455300,1626532575439,1626532785942,1626532846059,1626532575548,1626532665692,1626532846069,1626532906169,1626532665703,1626532785829,1626532906309,1626532930491,1626532930491,1626532930637,1626532930547,1626532995617
1626533010906,1626533010906,1626533010906,1626533011242,1626533011303,1626533011100,1626533011173,1626533295554,1626533355654,1626533415849,1626533595986,1626533355700,1626533415780,1626533596020,1626533686132,1626533896580,1626533956691,1626533686212,1626533776355,1626533956702,1626534016783,1626533776364,1626533896479,1626534016902,1626534034254,1626534034254,1626534034302,1626534034348,1626534106321
1626534185587,1626534185587,1626534185587,1626534186316,1626534186400,1626534186132,1626534186235,1626534714276,1626534774350,1626534443598,1626534623764,1626534774390,1626534834485,1626534623802,1626534714192,1626534834587,1626534894712,1626534954932,1626535045061,1626534894726,1626534954821,1626535045071,1626535165201,1626535165360,1626535174839,1626535174839,1626535174896,1626535174946,1626535254663
1626535284469,1626535284469,1626535284469,1626535284903,1626535284971,1626535284686,1626535284775,1626535824914,1626535884984,1626535554576,1626535734720,1626535885006,1626535975099,1626535734751,1626535824839,1626535975189,1626536065339,1626536125525,1626536215655,1626536065351,1626536125429,1626536215682,1626536335802,1626536335968,1626536344721,1626536344721,1626536344775,1626536344829,1626536395250
1626540333220,1626540333220,1626540333220,1626540333926,1626540334007,1626540333760,1626540333838,1626540556795,1626540616870,1626540677091,1626540857236,1626540616896,1626540676977,1626540857270,1626540947384,1626541157917,1626541218039,1626540947501,1626541037649,1626541218049,1626541278129,1626541037660,1626541157809,1626541278266,1626541304840,1626541304840,1626541304905,1626541304972,1626541367554
1626542193545,1626542193545,1626542193545,1626542194441,1626542194771,1626542194064,1626542194320,1626542412781,1626542472871,1626542533094,1626542713235,1626542472891,1626542532982,1626542713270,1626542833411,1626543044005,1626543104111,1626542833534,1626542923685,1626543104118,1626543164196,1626542923699,1626543043893,1626543164333,1626543174078,1626543174078,1626543174141,1626543174191,1626543253607
1626543263438,1626543263438,1626543263438,1626543263802,1626543263867,1626543263648,1626543263711,1626543823866,1626543883971,1626543553519,1626543733652,1626543883997,1626543944097,1626543733691,1626543823792,1626543944179,1626544004311,1626544064507,1626544154633,1626544004320,1626544064399,1626544154650,1626544274804,1626544274971,1626544357581,1626544357581,1626544357657,1626544357711,1626544424258
1626544485090,1626544485090,1626544485090,1626544485457,1626544485546,1626544485313,1626544485377,1626544784201,1626544844296,1626544934494,1626545114637,1626544844320,1626544934402,1626545114668,1626545234775,1626545445321,1626545505442,1626545234875,1626545325088,1626545505455,1626545565541,1626545325100,1626545445208,1626545565677,1626545569821,1626545569821,1626545569875,1626545569927,1626545594930
